"order_id"|"order_date"|"employee_id"
1|"2024-01-01"|1
2|"2024-01-02"|2
3|"2024-01-03"|3
4|"2024-01-04"|4
5|"2024-01-05"|5
6|"2024-01-06"|1
7|"2024-01-07"|2
8|"2024-01-08"|3
9|"2024-01-09"|4
10|"2024-01-10"|5
11|"2024-01-11"|1
12|"2024-01-12"|2
13|"2024-01-13"|3
14|"2024-01-14"|4
15|"2024-01-15"|5
16|"2024-01-16"|1
17|"2024-01-17"|2
18|"2024-01-18"|3
19|"2024-01-19"|4
20|"2024-01-20"|5
21|"2024-01-21"|1
22|"2024-01-22"|2
23|"2024-01-23"|3
24|"2024-01-24"|4
25|"2024-01-25"|5
26|"2024-01-26"|1
27|"2024-01-27"|1
28|"2024-01-28"|1
29|"2024-01-29"|2
30|"2024-01-30"|3
31|"2024-02-01"|4
32|"2024-02-02"|2
33|"2024-02-03"|3
34|"2024-02-04"|4
35|"2024-02-05"|5
36|"2024-02-06"|1
37|"2024-02-07"|1
38|"2024-02-08"|1
39|"2024-02-09"|2
40|"2024-02-10"|1
41|"2024-02-11"|1
42|"2024-02-12"|2
43|"2024-02-13"|3
44|"2024-02-14"|4
45|"2024-02-15"|5
46|"2024-02-16"|2
47|"2024-02-17"|2
48|"2024-02-18"|2
49|"2024-02-19"|1
50|"2024-02-20"|2
